scenario_id,label,note
"sc-c03-a","pass",""
"sc-c03-b","pass",""
"sc-c04-a","pass",""
"sc-c04-b","pass",""
"sc-c05-a","pass",""
"sc-c05-b","pass",""
"sc-c06-a","pass",""
"sc-c06-b","pass",""
"sc-c07-a","pass",""
"sc-c07-b","pass",""
"sc-c08-a","pass",""
"sc-c08-b","pass",""
"sc-c11-a","pass",""
"sc-c11-b","pass",""
"sc-c13-a","pass",""
"sc-c13-b","pass",""
"sc-c14-a","pass",""
"sc-c14-b","pass",""
"sc-c15-a","pass",""
"sc-c16-a","pass",""
"sc-c17-a","pass",""
"sc-c17-b","pass",""
"sc-c18-a","pass",""
"sc-c19-a","pass",""
"sc-c20-a","pass",""
